{
    "vcs_paramclassrepository": [
        "vcs_paramclassrepository",
        "hEeZs",
        "module",
        1
    ],
    "_vcs_unit__768798657": [
        "_vcs_unit__768798657",
        "TKy5H",
        "module",
        2
    ],
    "std": [
        "std",
        "reYIK",
        "module",
        3
    ],
    "uvm_pkg": [
        "uvm_pkg",
        "zr7M1",
        "module",
        4
    ],
    "ahb_inf": [
        "ahb_inf",
        "YjmrF",
        "module",
        5
    ],
    "apb_inf": [
        "apb_inf",
        "zrGJT",
        "module",
        6
    ],
    "ahb_pkg": [
        "ahb_pkg",
        "A4Qq4",
        "module",
        7
    ],
    "ahb_apb_top": [
        "ahb_apb_top",
        "d21qI",
        "module",
        8
    ],
    "apb_mem_rtl": [
        "apb_mem_rtl",
        "vg7d1",
        "module",
        9
    ],
    "ahb_top": [
        "ahb_top",
        "jtij2",
        "module",
        10
    ],
    "...MASTER...": [
        "SIM",
        "amcQw",
        "module",
        11
    ]
}